{
  "accuracy": 0.8333333333333334,
  "precision": 0.8461538461538461,
  "recall": 0.7857142857142857,
  "f1": 0.8148148148148148,
  "roc_auc": 0.9486607142857143,
  "y_test": [
    0,
    0,
    0,
    0,
    0,
    0,
    1,
    0,
    1,
    0,
    1,
    0,
    0,
    1,
    1,
    1,
    1,
    0,
    1,
    1,
    0,
    0,
    1,
    0,
    1,
    0,
    0,
    1,
    0,
    1,
    0,
    1,
    1,
    0,
    0,
    1,
    0,
    1,
    0,
    1,
    0,
    1,
    1,
    1,
    0,
    0,
    1,
    0,
    1,
    0,
    0,
    1,
    0,
    0,
    1,
    1,
    1,
    0,
    0,
    1
  ],
  "y_pred": [
    0,
    0,
    0,
    0,
    1,
    0,
    1,
    0,
    0,
    0,
    1,
    0,
    1,
    1,
    1,
    0,
    1,
    0,
    1,
    1,
    0,
    0,
    1,
    0,
    1,
    1,
    0,
    0,
    0,
    1,
    0,
    0,
    1,
    0,
    0,
    0,
    0,
    1,
    0,
    1,
    0,
    1,
    1,
    1,
    0,
    0,
    1,
    0,
    1,
    1,
    0,
    1,
    0,
    0,
    0,
    1,
    1,
    0,
    0,
    1
  ],
  "y_pred_proba": [
    0.01789665112755845,
    0.04277612923533514,
    0.3322126165103205,
    0.2245440752249894,
    0.6417690952927239,
    0.026073698882148985,
    0.9464356449345477,
    0.030039513701941,
    0.43620746836336655,
    0.046752556903258066,
    0.9064416203097116,
    0.013368056411820182,
    0.5761388609751481,
    0.9678764752226696,
    0.8407624203285206,
    0.22543920768224684,
    0.933051942779116,
    0.014801369803570528,
    0.997093684857258,
    0.9132819213495722,
    0.04772233777264226,
    0.03908031726363877,
    0.9919984377353189,
    0.005398555230006208,
    0.9611140954804199,
    0.5567180866731545,
    0.11723448473239904,
    0.33550732254454,
    0.4500496158277553,
    0.8412895106968512,
    0.04763515809973791,
    0.2798581330228107,
    0.7820520031417287,
    0.05899772535309957,
    0.023393407445711695,
    0.372440256833841,
    0.04013907508338689,
    0.9791247218882271,
    0.05083170924620195,
    0.9204495298978398,
    0.01734676136875507,
    0.994616363998353,
    0.9949348015999985,
    0.9142304617355299,
    0.084418365600115,
    0.08225264703424524,
    0.8860373765896342,
    0.11836226581127539,
    0.7120118490211951,
    0.9408041429467774,
    0.02511870216703456,
    0.985002105706832,
    0.01543700613478427,
    0.13242344706210912,
    0.18093232826074793,
    0.9535863909209331,
    0.7563694980424083,
    0.13570821987398093,
    0.08547226068495224,
    0.8861805453770724
  ],
  "weights": [
    -0.05732384092948109,
    0.5138993743922601,
    0.5274326053477739,
    0.46093280486619664,
    0.24087834115311774,
    -0.373631060567285,
    0.32122494253481376,
    -0.204024273105425,
    0.38357752228601183,
    0.45648071610367674,
    0.37933411375547094,
    1.0403733722673472,
    0.7667850218768606
  ],
  "bias": -0.07790903483021389,
  "feature_names": [
    "age",
    "sex",
    "cp",
    "trestbps",
    "chol",
    "fbs",
    "restecg",
    "thalach",
    "exang",
    "oldpeak",
    "slope",
    "ca",
    "thal"
  ],
  "training_time": 0.0323033332824707,
  "loss_history": [
    [
      0,
      0.6834732628859783
    ],
    [
      100,
      0.3906964959784702
    ],
    [
      200,
      0.3920443435111282
    ],
    [
      300,
      0.3938330632896634
    ],
    [
      400,
      0.39497928078570466
    ],
    [
      500,
      0.39564217987708644
    ],
    [
      600,
      0.39601539937640373
    ],
    [
      700,
      0.3962246513439469
    ],
    [
      800,
      0.3963425102339944
    ],
    [
      900,
      0.39640944191400845
    ],
    [
      1000,
      0.39644782077402896
    ],
    [
      1100,
      0.3964700473289894
    ],
    [
      1200,
      0.39647733051492307
    ]
  ]
}