{
  "accuracy": 0.8333333333333334,
  "precision": 0.8461538461538461,
  "recall": 0.7857142857142857,
  "f1": 0.8148148148148148,
  "roc_auc": 0.9497767857142857,
  "training_time": 0.01858067512512207,
  "y_test": [
    0,
    0,
    0,
    0,
    0,
    0,
    1,
    0,
    1,
    0,
    1,
    0,
    0,
    1,
    1,
    1,
    1,
    0,
    1,
    1,
    0,
    0,
    1,
    0,
    1,
    0,
    0,
    1,
    0,
    1,
    0,
    1,
    1,
    0,
    0,
    1,
    0,
    1,
    0,
    1,
    0,
    1,
    1,
    1,
    0,
    0,
    1,
    0,
    1,
    0,
    0,
    1,
    0,
    0,
    1,
    1,
    1,
    0,
    0,
    1
  ],
  "y_pred": [
    0,
    0,
    0,
    0,
    1,
    0,
    1,
    0,
    0,
    0,
    1,
    0,
    1,
    1,
    1,
    0,
    1,
    0,
    1,
    1,
    0,
    0,
    1,
    0,
    1,
    1,
    0,
    0,
    0,
    1,
    0,
    0,
    1,
    0,
    0,
    0,
    0,
    1,
    0,
    1,
    0,
    1,
    1,
    1,
    0,
    0,
    1,
    0,
    1,
    1,
    0,
    1,
    0,
    0,
    0,
    1,
    1,
    0,
    0,
    1
  ],
  "y_pred_proba": [
    0.02065155505185611,
    0.048281853625473506,
    0.33963557512511944,
    0.2269373461293166,
    0.6308816068770821,
    0.02960714936422948,
    0.9359256110333377,
    0.033580163369130174,
    0.43806914849066303,
    0.05365764035260853,
    0.8956457739178647,
    0.016241019794480827,
    0.5716555869653285,
    0.9590880783081284,
    0.8308881698258758,
    0.23504971767204422,
    0.9192262243202984,
    0.018489107941269633,
    0.9959287456763205,
    0.9059330658553469,
    0.04966221506875934,
    0.04314219761327892,
    0.9892776689909415,
    0.006846796397243036,
    0.9556729866757345,
    0.5421930703539092,
    0.13315278480626974,
    0.3575660588735609,
    0.43498243678920534,
    0.8304201686512473,
    0.05652197689188064,
    0.2711943964984732,
    0.7548280791714126,
    0.06381322657607817,
    0.026097330124212025,
    0.3707792343252418,
    0.0469704509662878,
    0.9723364858687248,
    0.05664511238386197,
    0.9188162701369413,
    0.020689342840072684,
    0.9929453705307499,
    0.9928514918434214,
    0.8983236640473187,
    0.09113774692531833,
    0.0897011633494039,
    0.8776785802695064,
    0.1337116832991688,
    0.7020820052173018,
    0.9298194060926015,
    0.029736703105370608,
    0.9804365548224436,
    0.01860849198084095,
    0.1390610387462664,
    0.1864273148942351,
    0.9473791512780941,
    0.7416395292886235,
    0.139188838158932,
    0.09086743215262987,
    0.8752200663886451
  ],
  "weights": [
    -0.03691426851218989,
    0.48458228892753297,
    0.5079602410436691,
    0.42021805603153245,
    0.2225384649899779,
    -0.3310385450937643,
    0.303673926656639,
    -0.2069030271127858,
    0.37264416180419024,
    0.4442959960931188,
    0.3529727485792293,
    0.9584613315338859,
    0.7386134981019771
  ],
  "bias": -0.08948775774619307,
  "feature_names": [
    "age",
    "sex",
    "cp",
    "trestbps",
    "chol",
    "fbs",
    "restecg",
    "thalach",
    "exang",
    "oldpeak",
    "slope",
    "ca",
    "thal"
  ]
}